﻿<?xml version="1.0" encoding="UTF-8" standalone="yes"?>
<Picture>
	<PictureVariant name="85.png" screenDensity="bldpi" glyphWidth="222" glyphHeight="59"/>
	<PictureVariant name="100.png" screenDensity="ldpi" glyphWidth="260" glyphHeight="68"/>
	<PictureVariant name="125.png" screenDensity="aldpi" glyphWidth="326" glyphHeight="86"/>
	<PictureVariant name="150.png" screenDensity="mdpi" glyphWidth="391" glyphHeight="103"/>
	<PictureVariant name="175.png" screenDensity="amdpi" glyphWidth="456" glyphHeight="120"/>
	<PictureVariant name="200.png" screenDensity="hdpi" glyphWidth="520" glyphHeight="126"/>
	<PictureVariant name="300.png" screenDensity="xdpi" glyphWidth="708" glyphHeight="204"/>
	<PictureVariant name="400.png" screenDensity="udpi" glyphWidth="1040" glyphHeight="272"/>
</Picture>